avg_cpu,max_cpu,avg_latency_ms,max_latency_ms,avg_queue_len,max_queue_len,failing_count,label
68.77756879504105,82.36354799415487,163.68416348712367,189.33480436038263,6.902489406547024,9.902489406547023,0.0,1
62.56227265351092,72.06613203246658,124.49576290790975,200.10166223882587,5.575460480322658,8.575460480322658,0.0,1
68.86828397654662,76.14067119439439,146.5501744419002,170.3792098081507,6.310524687970329,7.310524687970329,0.0,1
67.09051936259736,81.7974996065464,187.1745345586637,253.87754438308943,3.7785548314078703,5.77855483140787,0.0,1
7.409207118297583,10.494996959648539,69.8896505580332,107.12775835342406,2.90252919730263,3.90252919730263,0.0,0
30.825569620169436,34.61499680185515,17.342543006869807,41.12778931816649,0.6807280471526523,0.6807280471526523,0.0,0
68.74303837744661,82.06982033802498,164.03181224026991,202.77381072319238,6.329039205580804,8.329039205580804,0.0,1
20.858045716163424,34.50795579566294,18.27648594288443,28.271896066639847,0.022086809253016537,2.0220868092530164,0.0,0
73.29701713184065,85.348670918104,173.68748372263616,221.22243025493657,5.2749647838115745,6.2749647838115745,0.0,1
41.76216289847594,51.18408702133859,58.69743011571294,96.94737298651421,1.9041549600017724,1.9041549600017724,0.0,0
35.756393840997745,41.83539580224999,7.927694283954244,29.763563745572363,0.6437540184585876,0.6437540184585876,0.0,0
80.84848714663352,86.72302827196951,284.41516760659897,378.45423127160154,11.957248632542056,14.957248632542056,1.0,2
73.28627080654775,82.35013942094845,177.68244615992415,207.7008213543864,3.090848292535442,5.090848292535442,0.0,1
44.729764282804766,53.967308887832516,20.32081900819217,45.37305776336035,0.45693630813950525,1.4569363081395053,0.0,0
25.956167435306536,31.986409218264065,64.8768463462944,82.96747687396392,0.262949757948303,2.262949757948303,0.0,0
57.9043715502233,76.07598536437544,71.4721777120212,84.76567578499719,2.9075291320431718,2.9075291320431718,0.0,0
68.98723004287578,76.70964566132737,91.56691545841991,165.72305925105042,4.823105159334444,7.823105159334444,0.0,1
21.827614328285886,33.412005707123804,21.793414379227013,64.62412858384579,2.2755585895056303,3.2755585895056303,0.0,0
39.50198623863437,51.18394561688908,66.7354271477079,70.95764320470235,1.2474222065118288,3.247422206511829,0.0,0
32.16949505844854,38.766719305104246,18.729797942274455,23.899946328402038,1.7629337165331362,3.7629337165331362,0.0,0
89.52652849250987,99.72957556053242,377.274647444425,430.6952280988796,14.627032919173008,16.627032919173008,2.0,2
61.654599998448774,71.52118330683038,138.88483932254252,215.1544266210415,5.286912209504301,7.286912209504301,0.0,1
19.683661470054147,26.315041416905192,54.46387823479609,76.40945125004842,0.06483623964099128,1.0648362396409912,0.0,0
78.50622722496527,91.81676937805102,232.57272234063305,383.4087362966048,8.531104054551076,13.531104054551076,1.0,2
75.37294983835314,81.4503592979121,189.92142141651294,223.7342608702058,3.149650224704719,5.149650224704719,0.0,1
25.40072561243413,41.99652047508239,81.78388984610868,97.64083448724445,2.858698185209235,3.858698185209235,0.0,0
19.078079981218153,37.798951382197416,20.637742670291722,22.88327363990817,1.3052911800091138,1.3052911800091138,0.0,0
97.29193165637285,100.0,467.2377472635575,651.254743218237,10.669725243478041,13.669725243478041,1.0,2
73.23322526335522,81.96980255209232,91.33600016738183,156.14337684832338,4.049842063691459,5.049842063691459,0.0,1
11.75168628263173,28.373939725129855,19.56201007932693,28.525425487213887,1.7981483745625306,3.7981483745625306,0.0,0
79.91086664286433,89.56572173636576,433.22145147235324,628.9954153814983,10.50667067582108,13.50667067582108,1.0,2
17.631081649937038,20.26752600566746,69.37757399322146,75.46919922464802,1.518989794861899,3.518989794861899,0.0,0
15.98766084130317,32.07015136494842,72.96367731350115,109.91287750927825,0.39317325467193975,2.3931732546719395,0.0,0
56.01594030535792,63.96750418185674,33.590125719189274,58.019327986765944,1.9885926382907473,1.9885926382907473,0.0,0
55.864463612161494,56.361653439886624,57.743814021048344,89.44256960510259,0.3176922112522599,2.3176922112522598,0.0,0
28.05128756239671,47.375925805260344,61.62404255726542,108.27520363727598,2.413082746838912,3.413082746838912,0.0,0
60.35673567953975,66.4481756471971,179.53143378592836,247.34045908543806,3.930562967865735,5.930562967865734,0.0,1
38.3308701385006,55.68564921402083,62.29517994717894,82.92375841086294,1.122552130221548,3.122552130221548,0.0,0
77.3498126350465,86.88878145580951,109.74074755416297,143.94048933401783,5.984057120973786,7.984057120973786,0.0,1
62.1055615970825,67.77115016663429,151.33203965077422,180.10243430233612,6.298656761825365,7.298656761825365,0.0,1
55.65337598680976,58.96401044151533,32.04840782210388,39.72907758170682,0.3464701909960649,0.3464701909960649,0.0,0
8.046747504034306,11.53957692275136,10.071283599581662,39.62847440513022,2.0421435803985193,4.04214358039852,0.0,0
32.748943036222656,50.24904188091483,85.85750454810957,88.03125764874918,0.5444952287895722,1.5444952287895721,0.0,0
18.71631667077165,30.140969705627107,44.54493044180327,47.00763643818296,1.1208424153787147,3.1208424153787147,0.0,0
50.84022045837079,51.87945778767287,92.8599775567159,97.81563463570969,2.530724854793258,3.530724854793258,0.0,0
99.48926701466482,100.0,433.8432622313987,580.2157536307309,13.01096719120316,17.01096719120316,1.0,2
33.2822578604728,50.433700742923946,48.965939731384005,68.22041453640168,1.9186898137113304,1.9186898137113304,0.0,0
31.283250071306018,39.62103744320372,27.094144350243003,45.469734855999405,1.0991773494787422,1.0991773494787422,0.0,0
25.870524384981092,39.5853912941,33.203265084272104,80.64616142003914,2.7490440586145337,4.749044058614533,0.0,0
34.44891344065017,51.42012321612266,66.9957973532097,107.21538875056356,1.5981668281972206,2.5981668281972206,0.0,0
65.76311228364924,78.11204390675215,104.2885511750862,165.9764389041961,6.442876273303576,9.442876273303575,0.0,1
61.90191496459869,74.15907124731297,90.13918625882243,166.29557562086,3.5496317201512086,4.549631720151209,0.0,1
95.02210440212741,100.0,434.78723138886403,604.0544572363269,14.514243565355972,16.514243565355972,1.0,2
10.227705866042067,22.55101986652449,21.272673888814936,49.52020446243703,1.717291542101549,2.717291542101549,0.0,0
47.015786450362334,63.000680780603666,51.75455547966577,81.73422755579638,2.7937087070703055,3.7937087070703055,0.0,0
11.440696124506077,13.194876362721445,67.49701207885013,88.42742711836911,2.3229642484255297,2.3229642484255297,0.0,0
54.41016010488447,69.66080304629752,30.700819386466694,48.9104202750694,0.9433199406127887,2.943319940612789,0.0,0
13.12808548982054,31.85063475733542,46.60088353388156,65.76687467275205,2.1890571260321336,2.1890571260321336,0.0,0
94.5075373477348,100.0,312.90784204424784,510.9025737828962,12.459842124032791,16.45984212403279,3.0,2
51.779352355493046,64.5208300353172,16.582559441835695,45.99545944029673,2.058289095316346,4.058289095316346,0.0,0
29.98748790129606,46.49547812522248,33.059107407688536,55.98651149761609,1.3269423812036796,1.3269423812036796,0.0,0
94.53235088578789,100.0,499.1103973512719,680.9904009974337,8.555175940776351,11.555175940776351,3.0,2
59.95076017608312,73.26445489821386,66.76187647808571,71.28391282729234,2.6911001966898755,4.6911001966898755,0.0,0
18.245543192263085,21.105980695595786,78.79295436576076,88.70316572640566,2.731914681392656,2.731914681392656,0.0,0
5.298640877078525,6.331799217366504,62.56289187653413,102.6369824195049,0.7156584618821654,1.7156584618821653,0.0,0
61.144638803065206,74.15427733948196,191.33545162067367,257.6619555669365,5.792483135914549,8.792483135914548,0.0,1
16.098016089548047,18.59648967566091,52.93044406833372,90.18985048477595,1.890035533729196,3.890035533729196,0.0,0
78.88032481102726,94.8996411900547,257.91244726067123,348.52625995834126,12.389142275531736,16.389142275531736,3.0,2
61.09000629982591,72.25309599910123,85.08206618962005,158.13080887162909,5.838313140402483,7.838313140402483,0.0,1
15.094327588417544,34.69487117950139,48.563261033556536,87.76730845062693,1.9092250263233306,1.9092250263233306,0.0,0
12.982164006577733,31.902653077739636,33.627550088898204,62.52841087927531,2.099327833767198,2.099327833767198,0.0,0
78.71097474800145,91.33626582470558,321.2103172222298,442.3356266446225,7.072957735779702,11.072957735779703,3.0,2
21.75875320684572,30.31681748047272,63.04381696847969,94.77527283939284,1.2354326897567107,1.2354326897567107,0.0,0
16.969568968332908,28.735693936513073,35.118886575137594,36.92187828900578,1.255200132470581,2.255200132470581,0.0,0
36.48518632171636,47.80062433035478,71.69020720548528,104.08763131554578,1.9572991695630946,2.9572991695630946,0.0,0
48.30877220922746,59.29165988122105,45.98472854208956,77.28535258914242,1.0819720033507627,3.0819720033507627,0.0,0
77.72805773447416,91.93862970742607,140.4359510219719,191.65245790640606,6.199481643055346,8.199481643055346,0.0,1
51.056029928978774,60.938862859327244,16.0063888118505,19.609346165497684,2.5259796331183892,4.525979633118389,0.0,0
23.37715222758502,26.837041131416896,34.81987013118898,71.95449846744326,0.044048530680212306,0.044048530680212306,0.0,0
77.13096047149116,85.85357620340665,98.43354788727618,154.48397236398102,3.4786902234595773,5.478690223459577,0.0,1
99.88661181459094,100.0,293.28845297622985,446.4382103511437,12.348657289356115,15.348657289356115,3.0,2
60.21455289951353,67.30512948553594,143.01059635607135,172.8356746115691,3.6636274715061345,5.6636274715061345,0.0,1
79.78266005367212,90.3423543339566,180.6883677058056,260.107667565382,3.566383554275099,5.566383554275099,0.0,1
9.402710600540177,24.509314056435066,46.209007595646334,69.6753543051664,0.45201892143972056,1.4520189214397206,0.0,0
54.89069921859183,55.78368099807741,27.120967069652092,41.72393358537851,1.4705926272047591,3.470592627204759,0.0,0
9.62634340062851,14.49969248174278,85.1408965524414,117.02033157636436,1.947447150402823,2.947447150402823,0.0,0
75.25806038079058,80.83914519800506,123.99300619191348,176.3646523076142,4.353825933189304,7.353825933189304,0.0,1
47.27451742026585,64.31482775788923,52.955190875832315,98.43280306939981,1.7613718216109417,3.7613718216109415,0.0,0
83.51476988978811,95.9970242677604,359.4233123013733,425.17026968578386,9.586972560313866,14.586972560313866,3.0,2
63.55013164873935,71.9386880048354,102.99236115952398,124.48174906743833,6.709841834016107,9.709841834016107,0.0,1
37.916245535675515,38.06253466153583,31.412100127077313,66.56377341202194,1.901309319207789,2.901309319207789,0.0,0
90.50894274145111,100.0,428.4297689552023,613.9289497498103,12.486263520465165,15.486263520465165,3.0,2
77.33602876523852,83.47706947707489,167.88962035925454,214.29494233089665,5.212415209645101,8.212415209645101,0.0,1
99.61445203579062,100.0,420.12604923137485,582.6235799216652,9.11843575181744,13.11843575181744,1.0,2
47.75387201410482,57.547866850442944,98.62631610201798,121.87498891170063,2.9337509372215207,2.9337509372215207,0.0,0
48.652518280798496,50.348903727035136,57.76886246308757,97.87185181237379,2.774105001659666,3.774105001659666,0.0,0
25.49862877187038,26.472598218147404,15.38181765588301,49.14709908925722,2.1397745889350945,4.1397745889350945,0.0,0
77.30913096111325,89.70344564587836,176.10459105279585,199.0424136421926,3.9381406017651943,4.938140601765195,0.0,1
75.11250312349148,87.83194325523672,403.18621980931914,457.62731317861113,9.612200017980491,13.612200017980491,3.0,2
64.75316726721195,78.28097856353108,121.76377080914172,192.96445107778527,4.195774604475622,7.195774604475622,0.0,1
26.831703726130876,32.32820474123221,89.22296840632758,98.60265250330215,0.2544347737072893,2.254434773707289,0.0,0
76.14863211952563,91.13606582019328,115.56344684133978,160.0399639092167,3.547285112118505,5.547285112118505,0.0,1
59.86690204946045,73.88452225187362,61.54521983927032,81.16367448536002,2.7458962808566643,2.7458962808566643,0.0,0
25.095815475952342,26.43914885290768,24.18800858043425,25.07144763042986,1.3598397495004901,2.35983974950049,0.0,0
66.86584924757815,76.06966696263092,195.1051127413491,260.222900035844,5.163426547779805,8.163426547779805,0.0,1
80.8774279220165,90.75756887976665,472.71944432688457,602.1507526196455,12.68086154476179,15.68086154476179,1.0,2
65.9876658302965,73.40138644656314,118.69908166023984,148.0255755052452,6.49725746116323,8.49725746116323,0.0,1
35.88191669279115,51.72140519561863,79.46329039069279,101.38260331990244,1.428771925760177,3.428771925760177,0.0,0
76.29276886235766,90.31830855454999,174.51078034752072,205.62154104473478,5.248682934950288,8.248682934950288,0.0,1
40.910716961019915,60.01770552477613,53.70954610851057,75.35817075189894,0.10752825425448953,2.1075282542544898,0.0,0
7.259350131766581,12.180682361865351,11.22539122224633,33.981283342834445,1.5482634037713372,3.548263403771337,0.0,0
7.8028265416187335,10.034833906603268,41.527915909043166,44.554338450369976,2.09456917682974,3.09456917682974,0.0,0
26.67691774479536,35.00911040617832,5.15776722910605,10.761285779040929,2.588293691222634,2.588293691222634,0.0,0
32.94920456970813,42.73924469985229,36.64394529601059,58.210296303333074,2.3417434125797527,3.3417434125797527,0.0,0
22.736974253225142,27.5866313137918,50.587023052351185,84.74994093529183,0.6847586263902616,2.684758626390262,0.0,0
56.17115396740328,57.14253976434244,48.77311249775879,84.35101457759768,0.4513620346724222,1.4513620346724223,0.0,0
55.53527564418756,55.72047128061003,22.890587607078423,24.45476325216065,0.3318884026866098,0.3318884026866098,0.0,0
64.83277817478171,75.52489867908848,150.82344593193514,221.78956591732188,3.0189655716474957,4.018965571647495,0.0,1
63.25486972209915,75.98424360345199,182.65898501487027,217.91479404011972,6.6751747236107235,9.675174723610724,0.0,1
38.18834498833268,57.88133566068555,39.345927470723936,80.00389476172958,0.9551973534853789,1.9551973534853788,0.0,0
64.32711390450802,73.46737484240039,118.1162761236274,142.80277970844924,3.11933908039879,6.11933908039879,0.0,1
6.046878129961762,9.356633281597261,73.89241548083254,109.29697726501193,2.215741159372148,4.215741159372148,0.0,0
89.84576370071119,96.73615882691058,243.11559843666024,397.07991247611545,7.556495427978703,10.556495427978703,3.0,2
75.10019011833349,80.34888714679684,497.92537457915193,635.6211996992768,7.142189779666618,11.142189779666618,2.0,2
88.40501032778438,100.0,281.95615745026294,339.5341119060637,11.351108480017778,16.35110848001778,1.0,2
76.72490353685203,81.90650897599566,151.4856529622873,185.36248534349843,6.495553991615205,7.495553991615205,0.0,1
38.59235732794801,49.66317412974024,42.635817505628644,76.51685568561834,2.177308904146302,4.177308904146302,0.0,0
79.66834151985876,88.86106539886681,141.74996622626372,162.49815890273652,6.1841142252415136,8.184114225241514,0.0,1
27.437878669831086,29.319317931619004,89.51736005916274,109.26772206119057,2.0477447946276612,3.0477447946276612,0.0,0
79.46104404554578,87.45417393903813,457.6948581673141,644.5822697886038,7.9093266677097125,9.909326667709713,2.0,2
77.56731467621603,86.35784162658908,142.0423384219315,206.5453230531156,5.924543906611182,7.924543906611182,0.0,1
71.39867637283052,77.44482734087828,188.47679490536478,260.4111472646265,6.192389743273332,8.192389743273331,0.0,1
45.89802008092086,46.36082197255979,98.02634020219156,116.8835742199756,2.157937601072471,2.157937601072471,0.0,0
84.86574720375205,94.65273453274705,382.622338669474,519.7707447316816,9.682259798623175,11.682259798623175,2.0,2
86.69100641566492,94.64213912692439,313.16179486490114,422.2778422538689,7.179978237235979,10.179978237235979,1.0,2
66.78955508417805,81.33853900273613,109.2316094430329,135.16707974932223,6.014018252001032,8.014018252001032,0.0,1
16.11484559050129,19.830168287923033,54.59116862981867,78.01200069215722,0.7783195195636027,2.7783195195636026,0.0,0
31.482023717945438,50.668670670657605,66.989324071503,91.76465190293393,0.33207622208884835,0.33207622208884835,0.0,0
47.06419539339789,64.59841133869028,90.65597608881166,139.88440650134936,2.9471000493135975,2.9471000493135975,0.0,0
76.79555351257211,83.86245655148919,291.33995794280986,424.2746960524791,6.872800998349314,11.872800998349314,3.0,2
70.8472880460441,77.50040127971701,110.39065692802367,140.00937842695916,6.4077326311791944,8.407732631179194,0.0,1
65.92065725820052,74.63318362908329,128.58259573118406,194.18349403582616,6.089411950698272,8.089411950698272,0.0,1
56.78463712059545,59.19774386946918,90.13159783024489,95.15138011273535,0.7936194334539333,0.7936194334539333,0.0,0
27.746236222048342,36.74342222093087,28.299602437204918,63.811862504004246,2.5540039482066117,4.554003948206612,0.0,0
83.48305364341402,96.44580955773124,274.52192115969547,361.24139639221727,7.451286565667317,9.451286565667317,3.0,2
94.4339678331923,100.0,347.18237465356157,476.6442245809363,10.829112122193804,15.829112122193804,2.0,2
11.91151190776948,30.956506224683146,50.792922160703306,98.45319840596275,0.49073063313032994,1.49073063313033,0.0,0
18.925153336963085,19.526244912186662,16.300564520320073,62.14298490177986,0.9645989744469952,1.9645989744469952,0.0,0
69.30028263978546,78.30479509223825,143.82633096152819,175.06066763844868,6.954415594078306,7.954415594078306,0.0,1
69.37518594027905,75.90395716154241,190.47990299282816,230.96312703573182,3.200426758787735,6.200426758787735,0.0,1
48.69513667727364,61.1493115770378,76.32966555076166,116.01143474388053,0.6358638332416278,0.6358638332416278,0.0,0
40.145750709529054,40.19192616126389,99.37000734906191,113.41482664726966,0.1861893196204657,2.186189319620466,0.0,0
12.096653145012297,15.143187348163812,65.06686723786996,84.71323681638162,2.7655573504649853,3.7655573504649853,0.0,0
69.22198860309815,80.82150161439094,151.96344280591885,200.33048117145873,6.800244378497748,7.800244378497748,0.0,1
14.74795256870999,28.309833786306555,85.37071832425133,87.38340532124752,1.3488980652680418,1.3488980652680418,0.0,0
79.83615432995256,90.150292445925,159.19948625613816,197.34830312441386,6.790142398663969,9.790142398663969,0.0,1
45.618089197764576,53.680893280146215,58.37279835598493,94.36192510706223,1.5268024552540629,3.526802455254063,0.0,0
40.58894889788289,47.436197563883965,43.77488348194624,65.77738889362386,0.37742105493685574,2.377421054936856,0.0,0
41.71194577307168,54.822300539932726,67.97642284995905,68.96474511709363,0.9796405280153397,2.9796405280153397,0.0,0
77.2126080279226,84.67941180018407,160.14189906175835,187.9036672692548,4.100610102406853,5.100610102406853,0.0,1
20.593642162957607,34.08837310994316,91.48105646759899,101.60717686380829,1.6262371048521576,2.6262371048521578,0.0,0
90.25151207217935,99.07811603759006,387.64344707418087,485.7171213258833,14.78515551622537,18.78515551622537,2.0,2
60.46455164693517,69.46516610828272,185.0129135987014,241.62656026469614,4.775771545583906,6.775771545583906,0.0,1
96.34960940368073,100.0,363.36452061240186,486.8381590262713,11.689822501033762,16.68982250103376,2.0,2
55.19695093905448,73.67444092902461,85.115674147388,134.02589568561606,2.2349745773390657,4.234974577339066,0.0,0
69.61215261884612,79.17667456398884,108.82715313788037,167.51630479943782,4.157280544409338,7.157280544409338,0.0,1
37.22787557528301,45.427523339783875,25.79137783549006,66.59417867313161,2.581709757883128,3.581709757883128,0.0,0
23.487148269115554,39.43736498273061,84.72151729226083,91.6379707980633,2.3230077035491536,2.3230077035491536,0.0,0
26.453442458609107,46.42563275884743,23.296128206936434,30.994307335817755,1.2684009976403805,2.2684009976403807,0.0,0
99.52052863832586,100.0,241.3992552043716,410.0099512887707,8.435689370437744,12.435689370437744,2.0,2
62.23689604761354,75.56218889685361,101.1627656009691,146.57248928174832,5.2087397142373195,8.20873971423732,0.0,1
42.738960358833275,55.79269505621838,99.24399052516522,149.21508598637462,1.5493782079069227,1.5493782079069227,0.0,0
79.53328156433179,87.71654544062199,135.34506630050885,180.8316817894362,3.2056766182277174,4.205676618227717,0.0,1
67.06675390136935,79.94139264768438,179.85440903383832,249.12825622970905,4.6666639921595205,6.6666639921595205,0.0,1
76.02778867685446,85.94036314076811,187.16372234435636,215.79824410906986,6.516275118635841,7.516275118635841,0.0,1
13.443903713003763,24.12070397848297,11.414255617804427,14.054610687809944,0.0015562324971165609,0.0015562324971165609,0.0,0
60.69676700559831,72.21934307025687,178.7752780899424,208.85532900461465,3.587454939285617,5.587454939285617,0.0,1
95.57811524875237,100.0,445.7599637881941,509.6733754018683,9.55033366144879,13.55033366144879,3.0,2
46.3780902938454,56.46166238166168,76.27526885508215,99.50925074794863,1.1037130206654528,2.103713020665453,0.0,0
46.33199458142678,48.710201542105985,13.168323260539786,21.982891511646294,0.5260395343617656,0.5260395343617656,0.0,0
67.97013246948424,82.87401704308907,96.46535093487348,155.6777404764921,4.794918028805002,7.794918028805002,0.0,1
99.38989114571,100.0,257.6902037105399,340.80989189188,11.90466491185557,14.90466491185557,3.0,2
71.3284130161929,81.83750070109693,179.4256309806543,242.05759728521497,3.106311059989167,4.106311059989167,0.0,1
38.08571488508086,47.80955639752637,29.71754225758418,50.65034662332427,2.2737309561985817,2.2737309561985817,0.0,0
26.195321447140664,31.609256677042804,54.58225472307908,70.31973565129813,1.6922854111416687,3.6922854111416687,0.0,0
61.3215842183879,66.33225886861537,105.47325666088915,179.143946524016,5.585163052914236,8.585163052914236,0.0,1
86.7488985071835,98.89027485736341,480.6625831527965,539.5855869802975,7.936604471658467,9.936604471658466,2.0,2
42.37398550649268,46.65583129322708,14.419912206887362,24.76917018892935,1.2682021028161867,2.2682021028161867,0.0,0
12.408061370784102,29.61369909516292,35.437734341744246,53.475668667656926,0.1658112285036829,1.1658112285036828,0.0,0
38.57667870379837,42.68448465724651,89.39471804096985,135.8780490869476,0.2994931715303706,1.2994931715303706,0.0,0
11.34295409610434,23.73433922231058,16.587051599914176,59.20616749642749,2.2628145448136774,2.2628145448136774,0.0,0
59.81724663355344,60.70074869243666,43.120171597680766,59.31700504456258,2.845936496137923,4.845936496137924,0.0,0
49.34050309945989,52.74732697263026,97.97024367054169,122.90222101435745,1.4810162288119373,1.4810162288119373,0.0,0
26.863876350524613,38.55893040662335,17.16499800203976,33.2192793226325,0.5796249673353916,2.5796249673353917,0.0,0
52.6379533482061,64.42457667075563,39.073915195151564,59.50738406348721,1.294557011062064,3.294557011062064,0.0,0
98.31949049142456,100.0,298.77873787933083,416.43571290711907,11.111408073856433,15.111408073856433,2.0,2
71.08798046759527,79.29513593453603,121.48769669151591,164.20326394509976,3.3785590729975548,5.378559072997555,0.0,1
44.77125911799624,52.55319334843784,25.38120239321365,53.51482292195651,2.2666186274202818,3.2666186274202818,0.0,0
78.550097192501,89.52404248323941,160.27371907898956,183.4282784983729,6.782079564087626,7.782079564087626,0.0,1
55.81452202999864,67.3940725250035,5.438785890116123,7.365885856287909,2.041256417009766,4.041256417009766,0.0,0
45.89029786723119,62.93320460861483,52.159660831734286,75.44753284959704,0.016419326503882448,1.0164193265038826,0.0,0
66.61432133492211,80.4019575327475,124.76727050696637,178.67194514480872,4.08136715279731,7.08136715279731,0.0,1
69.93180957692563,80.29668881444815,195.84991441780826,273.66470915113746,6.422568486809614,7.422568486809614,0.0,1
37.684998186586895,55.24794667969765,40.57407396264908,45.629382259428326,2.4328887067197655,3.4328887067197655,0.0,0
59.01793629748144,71.16216490736288,45.37304163827963,63.872260030639524,1.2528578779621369,2.252857877962137,0.0,0
48.71128071296645,65.46561787670727,32.01772778447384,47.20755870497105,2.6230027690044397,2.6230027690044397,0.0,0
30.502164307482555,44.30469969905175,20.522211514198176,53.93874855395586,1.1302020236246293,1.1302020236246293,0.0,0
60.80190019745552,70.41917216930061,142.67010727788465,175.52969144918384,3.558494616716483,5.558494616716483,0.0,1
10.324558211773429,29.270954126365517,43.47443584210264,83.92291596744009,2.92325136932654,2.92325136932654,0.0,0
40.84182073642467,58.27000247124895,65.25227122683918,86.70357729470982,1.2932290729138147,2.2932290729138147,0.0,0
59.644864823276606,78.81901534271529,8.837926740005502,44.12777692147991,0.9052946000907924,0.9052946000907924,0.0,0
76.12786864273197,95.16598017289817,451.2427231363331,518.8683804742234,6.538419035855693,8.538419035855693,3.0,2
34.41939841367288,52.734295571247074,58.90757078718572,78.76923586082692,1.3350481645619765,3.3350481645619765,0.0,0
82.76635462702707,90.60680700211988,285.8141905521186,480.4701697858404,6.848574481392063,8.848574481392063,3.0,2
76.60038358318056,91.35935898685952,181.0585586620246,257.6614997386958,3.507741027163679,6.507741027163679,0.0,1
70.91351388162096,81.34846983241957,187.87058915846163,266.1788182772643,5.819353292172724,8.819353292172725,0.0,1
26.248780147275,33.48076073872825,42.19314996002098,46.68081172258074,0.23230825578131464,1.2323082557813145,0.0,0
68.92145785840452,83.22830274385073,153.46652103127428,175.57707996233947,3.630093365269918,6.630093365269918,0.0,1
80.46760565379087,93.20394079811163,480.85307949205884,677.4319889792124,8.127243918451901,10.127243918451901,2.0,2
8.483066328640696,12.385551150487423,59.014122896854865,104.63656271163696,1.61165665108302,1.61165665108302,0.0,0
64.03734503219083,77.04318123892932,154.13466902067,225.9828787722335,6.7953724280231365,7.7953724280231365,0.0,1
17.426092685423036,26.18292399893978,94.84089692332496,113.75638804199572,2.31231964099611,3.31231964099611,0.0,0
15.05448237370371,21.46916475277274,67.05322907716777,100.69589881141243,1.3042792404271384,3.3042792404271384,0.0,0
63.37746083225429,77.74415775090556,102.54842948437721,128.98717125432844,4.990590809461516,5.990590809461516,0.0,1
32.95061031280346,41.683960099580254,99.50741481881279,123.82144545234189,1.4338397422194928,3.433839742219493,0.0,0
37.612614713228886,42.171970157692535,65.57285312175975,68.1145262191836,2.944161303759005,3.944161303759005,0.0,0
54.32154543748841,63.83276890214711,10.731427764551064,51.84210506924141,1.9445511890014031,3.944551189001403,0.0,0
40.086520933565474,57.211101009497625,64.95121707282931,82.33489881462447,1.9875887830985994,3.9875887830985994,0.0,0
79.2117392501325,87.92086246554919,131.00981210169573,199.7371897729193,5.023049258970965,6.023049258970965,0.0,1
16.852232799698527,31.756309655318745,17.459741072547445,27.388924249112847,1.8804749483526257,3.8804749483526257,0.0,0
77.8937577373563,85.6196227115152,93.28691103206653,170.6497106034243,3.6176923520885698,4.61769235208857,0.0,1
34.116524471445814,51.773035792127374,77.25187215933735,112.65974985146912,0.525541703568011,0.525541703568011,0.0,0
31.312270934767287,34.260790004479006,30.975821702033887,46.3924818996761,0.38182859498711774,2.381828594987118,0.0,0
61.398632629537225,71.20986364716872,173.8653434321354,238.7447511692822,6.260292384875017,8.260292384875017,0.0,1
50.13063954519234,54.94570096947773,39.27700333466396,48.09478215555403,1.4024536182857155,2.4024536182857155,0.0,0
46.347939007692986,52.62487444992592,30.916411363854394,37.46092790637915,1.316465105405846,2.316465105405846,0.0,0
25.310006273753274,30.029951526164325,77.49977153289055,123.99993890062642,1.493795558366663,2.4937955583666627,0.0,0
99.97074093334146,100.0,466.93383996196064,653.2250769453069,13.123063390268602,17.1230633902686,2.0,2
5.869305549207361,15.413318214865853,51.95988068578868,72.3280000789373,1.7045020538740936,2.7045020538740934,0.0,0
51.01371725679811,53.18685932204336,26.39187828002682,66.04212722800834,2.5435106016709637,4.543510601670963,0.0,0
97.24747517680828,100.0,320.49849020281295,410.7112559258956,11.456694583734441,16.45669458373444,2.0,2
35.63509800347976,41.561090612549464,21.130997508407212,30.890273999339996,0.17383603361438982,2.17383603361439,0.0,0
85.07199021269074,100.0,404.39884180690734,483.18701601857015,7.57916021921179,9.57916021921179,3.0,2
55.230685103608664,58.03179319739848,69.3823183731746,110.10601217472129,0.705769165246935,2.705769165246935,0.0,0
81.61494013365396,93.06429588215468,329.7546779727098,417.7098904621624,12.982119777933814,15.982119777933814,2.0,2
50.93191850944035,55.1934171974204,5.409048688429471,33.96741679121652,2.9822333173571356,4.982233317357135,0.0,0
16.439894053965332,26.818186903707016,81.94436996226271,86.39647021601537,1.1857039612766829,2.185703961276683,0.0,0
15.386003126160144,19.29591967409189,43.954634756924456,67.92548849721902,2.585443253448042,4.585443253448042,0.0,0
73.80803909031003,88.63791080566911,129.42121283611687,173.62247703106456,6.6933878709032495,7.6933878709032495,0.0,1
75.09146276436269,81.06934273881711,136.18776868323008,168.2215169625233,3.7415010912099427,4.741501091209942,0.0,1
20.918633912943573,36.839842865460994,91.22246468209583,131.3584949465141,0.7980926178649957,1.7980926178649956,0.0,0
12.427095283092983,31.30306264516721,43.19454082492159,54.42901455221528,2.5400131515247306,2.5400131515247306,0.0,0
6.931424611031662,10.170256016024286,65.72878233383615,104.87404604242235,0.6328031654661388,1.6328031654661388,0.0,0
96.20951885152702,100.0,215.1607965950173,395.27432751740486,8.752202058647107,13.752202058647107,1.0,2
62.5658651702224,75.37424871541288,192.62137507532788,256.3238730201124,4.764890993922233,6.764890993922233,0.0,1
88.18644075181398,100.0,446.15178315758124,608.5547124124321,8.590693884433385,11.590693884433385,1.0,2
32.65812153391943,42.763659979781345,60.35121318488107,80.10630506227561,2.360674144350083,4.360674144350083,0.0,0
45.50877697360384,59.06821402450473,54.69359743153492,64.12010912524293,2.3856967757481287,4.385696775748128,0.0,0
93.04590830584033,100.0,495.2555794843999,598.0631806202856,11.744011976337031,15.744011976337031,2.0,2
77.34519560019312,88.5308193146515,462.66171335817086,555.2694099371481,13.090135655749854,17.090135655749854,2.0,2
97.08824591059269,100.0,431.05793406135655,531.5864156363468,11.457265561939817,14.457265561939817,2.0,2
60.4890168176403,67.69059572916329,165.43013727062944,219.24153148880168,4.982420312804573,6.982420312804573,0.0,1
52.58051275508566,53.198369495806304,42.66144235965715,89.91885674319579,0.15264220363504388,0.15264220363504388,0.0,0
65.15225232364072,78.81834064517744,169.5281574751238,242.6704677266256,3.863699161725064,5.863699161725064,0.0,1
64.91399485989962,72.2214579125718,83.26185601971021,160.77277365823733,5.8400675202184935,7.8400675202184935,0.0,1
74.87989445389982,85.19602364085422,137.13605853084925,184.1079929982605,5.561756848414565,6.561756848414565,0.0,1
95.29380928048163,100.0,373.5827890437573,444.73688403625954,14.751116231402381,16.75111623140238,1.0,2
83.3040761925863,90.84109680332912,263.5316490398931,327.03185769665663,7.0809956709124595,12.08099567091246,2.0,2
76.85144208422685,83.83957329849805,448.1763786772209,585.2124111886624,12.969754841123992,14.969754841123992,1.0,2
90.96168819411851,100.0,413.8249081283899,530.9338208972063,9.114574406142612,13.114574406142612,1.0,2
48.81144513914803,54.02552076586692,19.585496902019507,31.903108991180847,2.5262104553167193,3.5262104553167193,0.0,0
42.73274282282451,59.8609354359393,12.385743357879,50.636963616781145,0.9229963991370901,2.92299639913709,0.0,0
78.19593245466467,86.14612454178862,148.2600566461183,185.65010347708778,5.217142342905712,6.217142342905712,0.0,1
72.2067077758036,83.44217147223105,96.20957506610289,157.82200324130605,5.699001425520893,7.699001425520893,0.0,1
29.576136332778393,37.756838973692986,13.237590946103918,24.355987340944452,1.3228878953941101,3.32288789539411,0.0,0
64.74124153969326,78.03874064094238,145.49579428873562,211.12109539981267,4.890223933347428,6.890223933347428,0.0,1
78.55941216331648,88.47753797744558,143.43890457299491,199.55872238464667,5.950060549190903,7.950060549190903,0.0,1
33.36280911870847,42.99464090282934,92.56007350256918,117.23540252438625,1.404961604082993,3.404961604082993,0.0,0
14.948643667714968,19.286966123830734,14.042816142012542,14.071222604959765,1.2958369830014458,3.295836983001446,0.0,0
74.66932885599672,79.99081973402522,148.39794843128396,177.65493595609252,6.76430513905879,9.76430513905879,0.0,1
66.52476724328113,77.94038050292465,129.471031575689,195.0496147140727,3.9227165013114313,4.922716501311431,0.0,1
87.5052412328338,100.0,454.9190574203681,654.7433490635889,8.015510990345625,12.015510990345625,1.0,2
19.457923268788043,31.10681809957559,99.38463969885508,148.8985440534928,1.580319694086923,2.5803196940869233,0.0,0
98.32333646133763,100.0,358.56251868273586,533.4880768819627,8.728818689711325,12.728818689711325,3.0,2
99.62616741802178,100.0,439.53450344841724,529.9040785568382,8.887650666604687,11.887650666604687,2.0,2
32.802655064638685,45.53606066296481,43.790687150133934,81.24939501591058,1.000649779435066,2.000649779435066,0.0,0
11.99742790405054,15.771672104628925,85.79948349752898,108.11360042655106,0.6836033596585014,0.6836033596585014,0.0,0
6.163580628281142,12.490809775015446,21.8151340565274,54.608777105669425,0.8250931218907586,2.8250931218907587,0.0,0
8.021424405871809,19.65597036504611,7.0637282918885145,49.503333948692955,0.46619135777182685,1.4661913577718269,0.0,0
29.35683366775464,30.792776514955555,81.26146377016049,125.91408800782312,0.03305000215268539,1.0330500021526854,0.0,0
54.71473038375134,65.7046026397525,19.253759933579964,29.393282564037907,1.9799587327113426,1.9799587327113426,0.0,0
57.423160895188914,67.30443296842445,33.52583165354004,57.387477152329865,1.078998880999833,3.078998880999833,0.0,0
7.527978713707704,14.572228585010187,72.58388803242552,73.50577817618522,1.3175355396178041,2.317535539617804,0.0,0
75.53296871777432,88.6381658743723,165.40469851032654,191.5725602790115,4.900089776017443,6.900089776017443,0.0,1
64.91132077618903,70.33683895265679,106.83083850512563,154.12450260908395,4.6557212762184035,5.6557212762184035,0.0,1
78.5137333747345,85.52721656526165,191.54874986806658,212.62040741857743,6.699849890827782,7.699849890827782,0.0,1
75.30129657539813,91.74658602704935,491.06047177095303,676.9458045936198,14.736391450765916,16.736391450765915,2.0,2
51.73840587927699,64.01497099545722,63.39999069788746,84.26267119082178,1.7155259295633274,2.715525929563327,0.0,0
61.50034614703085,73.79815381746877,181.8774107149825,230.22553136885176,5.039321464228197,6.039321464228197,0.0,1
58.320222104907316,72.98271159609823,40.05391256353277,48.794281875183025,0.658738776606274,2.658738776606274,0.0,0
93.35365864402296,100.0,457.8683400256694,564.5984184771215,13.665499644772668,16.665499644772666,3.0,2
78.53340976162563,86.11234985310358,163.15119087030257,242.3899480677312,3.602393148972014,4.6023931489720145,0.0,1
42.08073558446489,48.8754545394455,11.768225349826157,35.53350624400636,2.2613120389318673,2.2613120389318673,0.0,0
51.51346703558347,61.91490528081323,85.05953703661484,107.37901164380031,2.8589254846803103,2.8589254846803103,0.0,0
62.31797730638499,76.168907188653,138.71182289969573,167.21016097807004,3.610760535365683,4.610760535365683,0.0,1
20.762657070259728,23.55840887965709,46.902355813642004,67.62004441336006,1.5656293040665679,3.565629304066568,0.0,0
6.762397415799746,19.05011954650346,40.50321027382338,73.0699602108257,0.3260009124128054,1.3260009124128054,0.0,0
30.11010276467287,37.991542248042215,81.97874275097931,100.8706249606205,1.5913235388092368,1.5913235388092368,0.0,0
6.200726540519638,16.503394077443417,37.758969642889596,58.82297602705233,0.30086219548575077,0.30086219548575077,0.0,0
75.55672051574,89.57731195791021,429.1532201865074,521.8743584839908,13.08800026376895,18.08800026376895,2.0,2
99.52512028384432,100.0,333.48132830810187,465.5294964448346,7.320689098868872,11.320689098868872,3.0,2
75.40576140856179,87.19338038142754,452.79638651545883,551.3815759233521,10.318186524796381,13.318186524796381,1.0,2
12.200672168057448,13.235102001385268,94.81457438179511,108.1050450455484,1.5121917196936527,3.5121917196936527,0.0,0
28.30103163028328,46.903142015285766,52.72923439493915,101.28599198505555,0.776506911712199,2.776506911712199,0.0,0
86.20630886384359,95.39861946739643,456.6426090253645,565.1260293562558,10.776509619542107,14.776509619542107,3.0,2
21.577035019610214,22.198427021007014,42.22458244145501,52.23375397069799,2.040104806223674,4.040104806223674,0.0,0
42.114701382322835,47.38420994610919,38.74569424151398,56.188726843833855,2.150255250490828,3.150255250490828,0.0,0
51.89424954716974,63.3332620599938,25.31392802140979,70.31849192859391,1.0279508881009218,2.027950888100922,0.0,0
32.203012318594915,34.68177340741247,27.65431215299554,65.00985578736609,0.39225544012895575,0.39225544012895575,0.0,0
90.16330251019862,100.0,414.07598297222523,612.997176562792,9.073844359814606,14.073844359814606,2.0,2
34.32873954074395,37.88698930666684,63.24539480444325,63.95163147828445,2.7830052073626645,2.7830052073626645,0.0,0
7.175811461460549,9.34080029095769,27.823650086565962,41.518958516868224,0.09842999849318601,1.098429998493186,0.0,0
25.82415100889852,33.5275057560179,37.20573535727351,53.601929533808715,0.2691938332237537,0.2691938332237537,0.0,0
16.11628650860566,31.249275056937968,99.1269277273566,145.55323648022306,1.512658066613306,3.512658066613306,0.0,0
47.566669125071094,62.86180288372407,85.20587397033223,129.98110283017644,1.3030477446758872,2.3030477446758875,0.0,0
76.12797457591758,84.21257080089508,191.509069280738,217.16955943911734,6.977076716653132,8.977076716653132,0.0,1
41.09263064577503,41.77621886434024,78.16776019719737,118.12890628015013,1.807230759274343,3.807230759274343,0.0,0
77.4470820053715,86.58593963598369,324.2532564778012,380.62194940201596,10.033944788140495,13.033944788140495,1.0,2
28.380644759576857,45.968879429330556,30.68239220012571,75.36954863593931,1.2779128944385478,3.277912894438548,0.0,0
27.97588074995618,33.123327011059104,52.75453585562636,60.34462250956792,1.0557898290688983,1.0557898290688983,0.0,0
27.73745344144222,44.21570066245815,29.38856734584079,77.8771462873913,2.354166062554054,3.354166062554054,0.0,0
62.84207851703285,73.10667942338299,100.39742254349429,169.49106370112972,5.336648596733184,8.336648596733184,0.0,1
56.12794346039443,58.43166452667964,58.56692832977483,94.61895606311111,0.17654561199729535,1.1765456119972955,0.0,0
61.350546288361066,71.47297599942733,111.0268613778488,170.80232847006405,3.4747094683153796,5.47470946831538,0.0,1
97.36821454286829,100.0,296.9797653095314,435.12501150748784,12.462561029708255,15.462561029708255,2.0,2
10.728332159157937,30.723638897444815,48.258451537131286,91.8850389945562,1.4471280138873435,3.4471280138873435,0.0,0
11.271055523400303,29.863699277884788,95.01183927925457,110.74771165252274,1.0654946609816154,3.0654946609816154,0.0,0
27.888892403700996,31.68979672289293,90.34566147424059,103.01104150952277,2.1158172284329546,3.1158172284329546,0.0,0
40.955175991730634,47.73549314319584,67.26864230840013,71.96970241684166,2.84955413974759,2.84955413974759,0.0,0
77.52534466051598,83.8900502009611,118.41931626714432,160.51996611952495,5.148690593307274,7.148690593307274,0.0,1
25.288310940560887,30.37929723310653,41.662522689005414,51.51049982000673,0.7856891236942064,0.7856891236942064,0.0,0
67.7630766915613,76.21691062325621,144.06867592668476,210.38030837732032,4.515471825391829,5.515471825391829,0.0,1
88.04950285295126,100.0,438.10178727692806,496.90958952445055,9.861889843223311,13.861889843223311,3.0,2
86.45940727903782,92.85118909093892,368.60275241386034,437.58732123245437,12.76367604251454,16.76367604251454,1.0,2
77.38723653757047,88.67671670919825,153.4927195103818,218.76693723675967,6.36982000581067,8.36982000581067,0.0,1
75.91075489207208,89.25360934403892,264.88079293926546,443.93267655653295,11.83557916683025,14.83557916683025,2.0,2
23.646299425590456,37.72185331639495,24.414156795105686,29.093304062024323,2.664086274682653,4.664086274682653,0.0,0
21.077134888649542,40.51853843126726,72.27752624211615,102.80362645280739,0.922885456272391,2.922885456272391,0.0,0
7.1737990279626755,21.743436366001305,9.10164638040403,9.344513269267983,2.1884852635829377,4.188485263582938,0.0,0
69.43280381248758,79.2932563080963,132.33637071789263,171.81499074451267,5.086856856743361,8.08685685674336,0.0,1
37.89923340224261,55.8616350122645,99.52589464576198,103.46305913990784,1.154050417984024,1.154050417984024,0.0,0
20.811016020163265,24.301758652699032,77.5872250750226,102.4016622164844,2.7577367466516773,2.7577367466516773,0.0,0
8.683790722259445,16.749262380866327,12.626345438383527,25.7628252591252,2.958089229229871,2.958089229229871,0.0,0
36.550236783764,46.510202599627135,60.14163823427025,78.97840214469758,2.480287079684841,2.480287079684841,0.0,0
28.56159552128061,42.35683249016235,87.48246182687546,105.96104214471335,1.7032367972812583,2.7032367972812583,0.0,0
8.802598935636297,23.360216775606737,32.365697028603364,68.55296153819525,0.19919483712982367,0.19919483712982367,0.0,0
95.88825495277729,100.0,207.12695193715595,265.57027388445465,13.682671558320607,17.682671558320607,1.0,2
28.44343117490312,44.353941699475165,51.445338639713704,76.47838067277719,2.967275818499707,3.967275818499707,0.0,0
61.03499491207769,70.8114826078074,186.36017887196283,246.27301680821012,5.740858477464531,6.740858477464531,0.0,1
28.021613524879985,35.353234794860995,54.53710496500945,77.64850147219286,0.980695055630968,2.980695055630968,0.0,0
25.077598578661714,28.076428137342926,87.84990869033952,117.95587828201089,0.40135927678156635,0.40135927678156635,0.0,0
76.95332935995947,84.32868608048206,98.07207132047168,118.5891067484968,3.1890013554259404,4.18900135542594,0.0,1
76.12200806190691,92.3430724481053,221.558649752288,360.378573487838,12.80467754185414,17.80467754185414,3.0,2
37.735414366898425,57.56030692969898,29.473655169657096,38.948219029017885,0.37177767826054486,1.3717776782605449,0.0,0
37.804480464815036,53.64989720822308,76.54196099394842,121.16903573370277,2.417318095026904,2.417318095026904,0.0,0
21.3576577501469,27.953365341176948,93.53471507684965,127.62951033020332,2.9237712397533175,2.9237712397533175,0.0,0
34.55906653446871,44.301374932797145,15.192270464754056,27.027370191084223,1.5829090818134466,1.5829090818134466,0.0,0
78.09609204858427,86.06580324483788,429.59636718159095,494.136548449988,14.102502896538684,16.102502896538684,3.0,2
43.05158837071091,55.68415921413727,76.94819611029227,118.35808873475906,2.155051689519465,4.155051689519465,0.0,0
22.735482521997774,36.680955758596355,95.91230053992405,125.28838956636775,1.9930346053027617,2.9930346053027614,0.0,0
79.95334784677272,86.55724108745008,104.28863354045149,156.65489906031485,4.9255015890466325,6.9255015890466325,0.0,1
7.699072624835017,15.784601751443995,60.38293489622828,89.64250246147641,1.9720018853051207,2.9720018853051204,0.0,0
75.8048631077887,87.05246945463462,144.50091950446455,200.87270523773321,3.4047734670133294,6.40477346701333,0.0,1
34.00698793619722,51.466732244231366,69.50989784735934,74.03030177095422,1.7768248513332132,1.7768248513332132,0.0,0
76.54881705017495,87.48337977607468,150.96351317020518,191.27899976285403,4.785000084645238,5.785000084645238,0.0,1
93.08300827417891,100.0,310.4697158745113,368.02667661779446,7.287066611937466,10.287066611937465,1.0,2
56.927900589195104,67.03096848637009,27.30981550962695,32.59732238270266,1.014916573808892,1.014916573808892,0.0,0
47.48781933123274,63.54191885377032,15.527973121376894,45.96096075271608,2.8772881901133323,4.877288190113332,0.0,0
7.801924895166225,26.267978700323795,88.94829674938588,115.05536910983596,1.6567593610320288,2.656759361032029,0.0,0
69.97200076784253,75.3107787192681,161.96179477387972,238.9915709620421,6.316601961383001,7.316601961383001,0.0,1
7.932879671333736,26.73990792209735,94.02095886357164,120.64172484921511,1.9269522350146053,3.926952235014605,0.0,0
11.56966397607852,13.50472194330044,27.10955393423781,68.94159125456503,0.43749690220703996,1.43749690220704,0.0,0
35.17377326272141,39.4763976242869,20.504635048189776,48.67044713308789,1.1042798129898466,3.1042798129898466,0.0,0
78.7748282858767,97.47633318307265,470.7469902268756,645.110127727261,11.681573255754767,15.681573255754767,2.0,2
73.80991102435627,78.97473303031784,194.971109499278,250.10733518721278,6.125863357609687,8.125863357609687,0.0,1
5.681846765368777,15.876539962897656,53.18306133501325,75.03252575058585,1.0191511624862302,3.01915116248623,0.0,0
25.640297683142176,45.03893534413835,21.428094237858488,37.41137261921284,0.881881412773713,0.881881412773713,0.0,0
32.46041413357813,45.335223442063594,95.25016820454975,109.51122247924312,2.0783147077649895,4.0783147077649895,0.0,0
30.504585039812603,31.124480809435294,63.6785987525957,97.59412917268111,2.24019514451414,2.24019514451414,0.0,0
38.21695657382447,46.13826159939421,8.919038088123441,13.916630876849094,1.9649877726043923,1.9649877726043923,0.0,0
35.66709232545105,50.68726738310221,83.54360866131847,110.80385372245047,1.8597479405523152,3.859747940552315,0.0,0
77.17932499386862,83.40222036589681,191.1418635529836,212.7029077660778,6.344799003831101,8.3447990038311,0.0,1
5.2141780509622935,14.119312161683109,36.76412653815227,45.063772112503635,1.3532704824117188,1.3532704824117188,0.0,0
47.22135679843078,65.08396291983144,66.99388891787277,73.21440835419897,0.8861723841295519,2.886172384129552,0.0,0
27.377071166495455,46.22716355116508,95.31315993960115,115.87331879204578,2.0021906642963923,4.002190664296393,0.0,0
46.44032966899879,47.071956282858764,18.694929147529052,49.40486932470901,0.6976567873291908,2.6976567873291906,0.0,0
53.76550569703018,70.15069340822991,51.81959100653431,90.4643453612772,0.8134136587052712,1.8134136587052712,0.0,0
15.861512852480299,33.07923622290018,83.19142357399942,128.29890699444948,2.6324309436727784,4.632430943672778,0.0,0
56.250335993742354,67.6745998207823,45.13703297222445,73.1557277706181,1.0278070699508335,3.0278070699508337,0.0,0
18.272288588764084,19.92084837790662,52.173665228982806,96.56174901467718,1.890455907823154,3.8904559078231538,0.0,0
30.54208944744556,34.72763639888458,83.17890833334424,93.09805649742064,2.149868270181939,3.149868270181939,0.0,0
71.49738084055468,85.12664459010297,114.926042294078,187.8230755686498,5.917641838397216,8.917641838397216,0.0,1
76.92686033979939,91.85784896697575,130.41954254295663,199.25448356553085,5.978319038072135,8.978319038072135,0.0,1
55.98219498528816,63.87071357674005,58.71926204624257,64.01637989579065,0.6773255821987987,0.6773255821987987,0.0,0
26.6746249178392,31.594245281651602,51.70298175825817,91.99382982578929,2.685492353321219,4.685492353321219,0.0,0
36.61514021820635,45.960607576053036,63.356775794799944,85.7205601402134,1.1959344625602455,2.1959344625602455,0.0,0
32.55407660674773,41.99696562716065,82.69435444601767,119.97675400791056,1.0241354825435784,2.0241354825435787,0.0,0
77.07301338009,83.60793543383191,149.92189540769107,187.0406150236439,5.95668928770689,7.95668928770689,0.0,1
65.10249312115268,75.21393075545211,193.83757614994306,236.71602845732912,6.50295394385283,7.50295394385283,0.0,1
96.87127122012907,100.0,445.8974658605489,500.71987512563305,9.53971695329377,14.53971695329377,3.0,2
70.65480854675756,79.53344879758377,177.47563357643432,240.04913781332758,4.873621278462693,6.873621278462693,0.0,1
14.37153300372437,27.227608290396,97.33946255666818,109.70229122200669,0.7490111368014795,2.7490111368014793,0.0,0
52.33099554004977,56.858946348276454,52.801960038864344,102.34558393897457,0.03642270276613069,1.0364227027661306,0.0,0
49.40960570255851,56.51523649361405,43.982429095408946,52.37932812535213,2.22244569490736,3.22244569490736,0.0,0
62.73326641557661,71.66783715545982,187.14859944352196,207.3110358640692,4.195036282490529,5.195036282490529,0.0,1
19.96248540477182,29.16323510283607,22.244695270420905,48.725957318395096,2.1200877639396776,3.1200877639396776,0.0,0
10.121013197219199,27.009185480530665,21.622894561311377,59.863494591867806,1.081695332327551,2.081695332327551,0.0,0
15.266415703248638,25.206932627598285,8.128921396344246,19.393788335460915,2.172036756553045,4.1720367565530445,0.0,0
61.61570727875621,75.43648437313726,175.7020644863815,247.8831222287994,5.79371421831536,7.79371421831536,0.0,1
40.903297347022324,59.28549063835443,14.5495901345873,30.33781402689186,0.2173649207876155,2.2173649207876154,0.0,0
86.1316366499847,100.0,452.3360193512964,650.9860565627697,7.456042120130392,10.456042120130391,3.0,2
76.2218844212719,92.53324282405549,306.4175963589651,453.7071150795299,10.626433764349784,12.626433764349784,1.0,2
11.432097819906456,13.49855497407629,65.59005381278489,83.1605963827618,0.6499003146176173,2.6499003146176174,0.0,0
70.78336584713995,85.13294401579846,126.24970777297055,196.40148604912815,3.3005576317287852,6.300557631728785,0.0,1
79.7689482766386,93.23493043951676,149.5597663172071,207.16573017683675,4.413158197747787,6.413158197747787,0.0,1
79.96456962235708,89.88919879236141,87.35648789281308,143.1079649366722,3.4760965999286744,6.476096599928674,0.0,1
23.08289512181555,37.70349258478376,22.461771768457552,30.74941911057518,0.1348927274964824,0.1348927274964824,0.0,0
60.79892931235253,66.08185236873368,147.04091557700673,183.9929796542094,5.386905401727715,8.386905401727715,0.0,1
55.782190927064,61.53837122629136,69.51881000169489,72.22152558262485,2.867581602566776,4.867581602566776,0.0,0
69.30424943127146,76.50418382454407,177.50196082975577,241.68320665857712,3.8878161582437962,6.887816158243796,0.0,1
30.45394157992318,46.982152579377356,69.96524501173727,102.12362218874003,1.9494822676898353,2.9494822676898353,0.0,0
7.5114256990188375,23.250248415261314,46.134830441132316,68.046748295511,0.7360687948008802,0.7360687948008802,0.0,0
37.33020612629661,41.98126643037013,11.099840898719119,49.47521169776404,1.1294083032190978,2.1294083032190976,0.0,0
49.82746528744516,56.2442032062415,77.01344006949442,123.99068210847159,1.9826045877743983,2.9826045877743983,0.0,0
46.12843477306656,55.28638216809427,44.370590755273376,70.63474893390753,0.9531670044278814,1.9531670044278813,0.0,0
11.812128462111605,20.02095793322054,57.90870351527778,104.44426257556012,0.10866699313591077,0.10866699313591077,0.0,0
69.15470373300154,74.35731501504293,109.94578111264644,137.05489625393454,3.867176582925779,4.867176582925779,0.0,1
34.09716664188896,34.11696652041668,20.377589259730378,25.055908540170414,1.6490201977882313,1.6490201977882313,0.0,0
35.16187548190949,39.59834152540304,7.301788638320562,54.3701337018329,0.32492436356698207,2.324924363566982,0.0,0
58.970208819629995,71.32341362302992,62.977545411865805,112.31245548779228,0.2653163078239643,0.2653163078239643,0.0,0
80.10032866385102,94.44640121728155,326.0250695908375,433.6178416124143,14.381189956315163,17.38118995631516,1.0,2
84.47812652728871,99.20975008561703,490.37201944500805,549.0121770018543,14.305779266326715,17.305779266326716,2.0,2
62.983683677726965,73.31755798603729,160.82164576702922,208.19648421029012,3.619940712424227,6.619940712424227,0.0,1
75.86177482081906,91.49470599743125,499.81701095435807,550.939460370373,7.449411145379459,9.44941114537946,1.0,2
37.43844911207224,51.11845118329336,60.87390307083667,79.13313822189002,2.0918468879599166,4.091846887959917,0.0,0
16.420044465165585,27.68275533686778,88.78118562819812,122.12284991272062,1.4153745221815415,3.4153745221815415,0.0,0
18.454492301746576,18.678227363484115,98.72946216487162,109.85357477130862,2.444627828056118,2.444627828056118,0.0,0
20.598063228306565,28.9636096128739,35.81853809345249,75.73607873144555,2.8730802240462694,3.8730802240462694,0.0,0
47.71787719921097,50.6768154653052,91.77120512339962,117.66513390682854,1.0091432641701203,3.0091432641701203,0.0,0
5.649499849845253,10.608439683062947,91.83190601172463,131.695015625336,2.9093811232521585,4.9093811232521585,0.0,0
19.143276071692714,30.002110187140865,35.44321412852824,49.61649164069611,1.7215359060737925,1.7215359060737925,0.0,0
30.802339033466428,43.81858433434712,17.177296952366383,63.70701049621159,1.5171740983623745,2.5171740983623745,0.0,0
74.20001882445091,86.36132823437929,185.0119876473767,241.82831375019217,4.112868606885558,7.112868606885558,0.0,1
38.34378406975778,39.6708401451694,27.92287791050537,30.958237140600957,1.6466627670197012,3.646662767019701,0.0,0
75.81730261726536,89.03610982498398,117.14522097651529,170.08249293818506,5.252043040345436,6.252043040345436,0.0,1
41.03126402836207,45.23300650483274,98.02810776074546,102.93209911529208,2.4876634236093578,3.4876634236093578,0.0,0
46.01212503631649,47.70174294985793,78.5696942726344,108.06895538478507,0.3322509551892048,1.3322509551892048,0.0,0
46.295998339005436,52.15471646908218,89.48367582288527,127.58732687439408,2.094570734153148,3.094570734153148,0.0,0
78.96295369029667,84.87855203400235,119.13951704042793,153.21985296812358,4.573000537602667,5.573000537602667,0.0,1
69.48485162850773,80.19215768971019,117.69858656940107,146.17594259462712,4.067734595750914,7.067734595750914,0.0,1
67.55977346394468,80.45883328130056,87.73489189458905,122.9683571699322,3.920412616229357,6.920412616229357,0.0,1
92.65246455981901,100.0,201.49548958834188,279.14198990182047,11.719871636757706,16.719871636757706,2.0,2
94.11810547854395,100.0,424.85449326148114,621.1651418354144,10.148827422313236,13.148827422313236,2.0,2
81.21686655090433,99.5152352558985,229.2634120318948,376.5306376200418,13.045543395502058,17.045543395502058,2.0,2
38.95409049591273,41.98736467150162,25.479217481370743,38.97418467918784,1.7933380218901145,3.7933380218901145,0.0,0
53.554513267951904,61.03295007381637,47.37301332683966,67.85806715428939,0.5458288658302579,1.545828865830258,0.0,0
68.96916524537716,74.13173634430434,195.68164428317564,264.62746097890044,5.894237416367213,6.894237416367213,0.0,1
83.43724265961097,97.60162283586145,382.64234276167826,472.7372930832678,7.997570263023604,12.997570263023604,1.0,2
75.6183798206156,88.22790961578563,117.95304526219692,150.26863629010904,4.814456713818488,5.814456713818488,0.0,1
55.54979203827057,73.04625512375165,92.02554147367363,134.5386607304726,2.8937436133089336,2.8937436133089336,0.0,0
9.595911768166303,17.40143460361317,29.48027367093474,37.97730323898811,2.8596113235259457,3.8596113235259457,0.0,0
57.765859977337705,72.98263678376185,65.88983885189623,99.69078685636515,0.994422970977372,2.994422970977372,0.0,0
56.57379878947887,62.609665588690746,29.242718667886507,64.80085857759438,1.9693461541985458,2.9693461541985458,0.0,0
39.78454290799325,42.974404343210374,68.96618920318573,82.49672396294542,0.8185079300293719,1.818507930029372,0.0,0
23.218808317123045,32.302388551168434,23.089852943303203,32.740229751241515,1.625215714989685,1.625215714989685,0.0,0
42.88933543938593,61.76827795663786,45.545584058115935,90.60084971564977,0.2949497733775933,2.2949497733775934,0.0,0
75.22043145962994,88.65101386928745,86.81812140799777,153.4325447054076,4.506154931186327,5.506154931186327,0.0,1
14.51631567388133,34.436630775931874,11.048040985292044,52.398441715692016,1.9184833064715825,1.9184833064715825,0.0,0
77.16868970146365,84.00661040002473,80.09895402016224,136.0106633627582,4.415434557293336,7.415434557293336,0.0,1
15.237631475733137,21.872617724917596,11.672170234236805,14.517830340659348,2.7480787644973326,3.7480787644973326,0.0,0
99.10917520826,100.0,414.47729086885727,554.5980242379176,12.215823657946382,15.215823657946382,1.0,2
9.215126379798482,21.297810484139905,98.72615220566365,132.32537908856074,2.132284605065789,2.132284605065789,0.0,0
91.95028885429491,97.55301244372197,460.1016802569793,564.8034238137988,6.039272593632438,8.039272593632438,2.0,2
81.43326717987458,93.80596477566718,252.13306633471723,310.7869670846832,6.7249045204180184,11.724904520418018,3.0,2
78.58247098131228,87.90724949846931,258.5088402934482,312.5372068324124,10.980882328982853,13.980882328982853,3.0,2
67.76107094604495,78.31117340544401,91.29191679634695,120.55013991970802,6.7271784782119335,8.727178478211933,0.0,1
97.91700711248419,100.0,478.47159443364956,590.9772098960191,6.032546203064468,11.032546203064468,1.0,2
10.244439925057314,17.278487742062584,71.62072667538898,111.15316700541374,1.770639823033874,1.770639823033874,0.0,0
46.13458811814964,53.230626500901614,6.234368123820643,20.263799150458112,0.9918016624229337,2.9918016624229335,0.0,0
75.1985279518818,87.15404825600821,96.68060942147184,165.15064400384875,5.708703846653295,6.708703846653295,0.0,1
40.6451661654834,50.315398985557025,46.73825587634138,52.34441404996082,1.554912827535496,2.554912827535496,0.0,0
12.29004728511195,31.3722128665121,32.06214559216956,49.822361771969945,0.9662418188881082,0.9662418188881082,0.0,0
89.07414778337221,100.0,289.97747174836866,357.202672913161,11.005966074517572,14.005966074517572,2.0,2
77.58846817823317,87.31420328730388,196.563082890261,249.74386327092535,4.08368157354525,7.08368157354525,0.0,1
49.220063814468716,51.24876483155713,34.33110640778547,62.596933758032634,0.1289253769406966,1.1289253769406966,0.0,0
43.2863996687157,44.72194152993108,50.322872293500765,67.25765396453829,0.6842382238692494,1.6842382238692495,0.0,0
79.03084386300566,85.43264128503897,195.16174630089523,250.84749650940145,5.566641621453028,6.566641621453028,0.0,1
74.08237780709162,87.2804888889485,138.0162381617237,190.01775341260577,4.295308009853663,7.295308009853663,0.0,1
60.672199383725015,68.4285498945587,91.30758373353203,122.7512131728951,5.554923651589523,6.554923651589523,0.0,1
68.42109825991425,74.32281802480915,132.004869975129,173.16956228662661,5.8818366114237985,8.881836611423799,0.0,1
31.784014526774733,51.10995227198311,76.8479510618278,101.6969290848342,1.4376678386669328,2.4376678386669326,0.0,0
56.838009482589364,63.22148891793596,29.314212778670658,79.28465904805422,2.1560690145135735,3.1560690145135735,0.0,0
6.402586017810883,18.394964008068264,11.798627505885422,58.46804534813195,2.810719620068034,2.810719620068034,0.0,0
38.915141226777294,44.75302925728229,11.077391528785967,47.95041378837674,0.30535796624705236,0.30535796624705236,0.0,0
5.6856112910835135,14.366323606209832,72.22968645760729,112.29713302870424,1.8129219113967638,1.8129219113967638,0.0,0
68.13004407534221,81.61776492594697,140.7767972598055,174.15896493970322,6.776582586641863,8.776582586641863,0.0,1
18.347072362526482,25.680823587675036,38.37821991248009,64.61159538465867,2.6493806461077707,2.6493806461077707,0.0,0
33.64238343775429,40.445162511523876,83.06844064045404,90.94851630487796,0.3105308049301755,2.3105308049301754,0.0,0
75.91050402181533,86.8067525508685,172.86197135828007,216.4245748719355,3.131470681065876,5.131470681065876,0.0,1
7.12974306759479,13.708616077124642,52.07167742052482,69.88755160337179,1.6817984251991764,3.6817984251991764,0.0,0
73.33924327126812,81.51988474235492,121.54573464333097,176.65460394180917,5.385729871563367,7.385729871563367,0.0,1
23.167483717648388,37.04838398137133,66.5040281732266,73.25656840721534,1.3231256390261803,1.3231256390261803,0.0,0
52.034017056631754,55.29758019791463,53.188620083863015,74.40544153001359,0.030388012024376465,2.0303880120243765,0.0,0
86.37313068335764,100.0,286.02317029376536,465.9645363061612,14.301506165960674,18.301506165960674,2.0,2
42.6886087658146,53.6681700964038,94.73031825599946,116.69392134652406,0.805540942919466,2.8055409429194658,0.0,0
79.48219237961165,84.76563008532563,168.85344257337522,244.46926432695523,3.2991261369093974,4.299126136909397,0.0,1
43.057640414733974,56.016907932649744,11.538604455043341,53.25974206260116,1.5702715435346772,2.5702715435346772,0.0,0
95.31269422625414,100.0,275.51319252482966,401.40951811149955,6.907302400216021,11.907302400216022,3.0,2
33.11451293753977,34.202152420876125,33.45368657609136,45.05770960958075,1.8600946281350115,2.8600946281350117,0.0,0
61.146059090810525,74.64889594236436,183.29212339455253,223.8282678518339,5.636016263881288,6.636016263881288,0.0,1
34.076433020971066,35.803626511003,88.45485476261885,134.66934273309928,2.4648394110342107,3.4648394110342107,0.0,0
35.667922511900024,55.36007004391862,28.550660533962375,32.34807882922275,1.6858227708035334,3.6858227708035334,0.0,0
5.389694479347142,17.3144826703058,30.083201716183336,39.47612912581739,0.12129579417901115,0.12129579417901115,0.0,0
53.34328798125516,60.076704133202604,69.5120499613614,107.33939813145676,0.9843024275705987,2.984302427570599,0.0,0
71.18484457401902,76.19476921452531,84.21089191073698,163.66284255710076,6.129135694014238,9.129135694014238,0.0,1
97.5575801229507,100.0,437.55418693732213,555.2260485389953,13.106023836005901,16.106023836005903,1.0,2
46.32280766852162,62.18322344055341,63.872887115389275,78.93569658770247,0.9310877738635888,2.931087773863589,0.0,0
29.591905263411036,40.63856026822503,43.90272200211693,71.53630023198764,1.2970062683026735,3.2970062683026735,0.0,0
78.18102039596567,92.50212299411929,147.7155446995264,194.2444581473961,5.820960235167352,6.820960235167352,0.0,1
43.49895620022437,58.49354321464933,69.25740878814224,106.56408657460773,0.6259359976679951,2.625935997667995,0.0,0
37.354770503279795,37.40432912042026,86.31643833729979,116.81766375954538,0.3874089950946098,1.3874089950946098,0.0,0
75.16599086927275,84.08641548789132,182.50430080339905,227.34595573134078,5.282036611782365,8.282036611782365,0.0,1
40.46802130728242,54.831537149841154,58.87538972143527,83.70333057361607,2.4298094211351247,3.4298094211351247,0.0,0
57.74903359439922,71.89437747830604,98.85419824668034,147.41726406012376,2.7567291684302697,4.75672916843027,0.0,0
72.18858736993934,78.91029400676858,145.20217009085093,211.12476143451056,5.083428634822271,7.083428634822271,0.0,1
25.951719142674875,36.07100751454802,46.070903107565265,51.50023049864292,0.4605848821338916,2.4605848821338916,0.0,0
69.68768518402902,75.1749094515563,81.97895107731799,130.3874751969776,3.6575149036977748,5.657514903697775,0.0,1
64.56593416914211,75.48770361795992,98.53335721824632,136.74831631390953,6.555181976725733,9.555181976725734,0.0,1
53.72387823293101,58.228834316521144,36.35231260862327,59.89991953146412,1.4402402255836286,3.4402402255836284,0.0,0
51.858076958087494,69.1317177465249,57.5538699960898,74.75572840904749,1.5576783128648886,3.557678312864889,0.0,0
48.95090966419667,58.91649283840327,92.9550069933578,124.08957421115998,1.54295799934405,2.54295799934405,0.0,0
54.74784927306959,58.436768490806415,97.46812495586104,138.07765254842064,2.582200085594609,4.582200085594609,0.0,0
51.046085213567856,57.18156688511196,77.38507696359665,84.40758488304778,0.9211557478875261,2.921155747887526,0.0,0
26.2859413593301,42.688036255004064,29.38420975350592,66.64826836123453,0.22113620733495554,1.2211362073349554,0.0,0
75.84046485659546,84.85745261162027,166.69733878009646,241.6056430048024,6.2028518942181075,9.202851894218107,0.0,1
47.8646649632193,53.71655676020177,81.36886032934298,97.77241745739003,2.4179717471566144,3.4179717471566144,0.0,0
7.441851330082457,27.395360277478904,87.59842670729546,131.74080188060566,2.8538398428198524,2.8538398428198524,0.0,0
12.151374725984663,22.175557396753952,25.904590445277744,72.68213328224373,0.012009487328337287,1.0120094873283372,0.0,0
18.556171919588472,22.535306151452374,26.44895147507248,59.251331728131404,0.9825362349394476,1.9825362349394475,0.0,0
90.06391913814255,100.0,309.65098946640717,383.61175960981353,8.885256562049154,12.885256562049154,1.0,2
65.55022238868031,75.05937506030135,180.26156449171933,240.36817873406574,5.242611362916673,8.242611362916673,0.0,1
91.81098930541975,100.0,256.93044116323046,322.88874361509164,14.686279053516591,18.686279053516593,2.0,2
37.39614515006197,38.63238437149628,83.10209102089014,93.93436779910694,2.413638018953841,3.413638018953841,0.0,0
6.661547153313876,22.97821425984599,21.763713439584134,24.353969221577806,2.2676331924776427,3.2676331924776427,0.0,0
26.41337030754075,31.35472205315513,86.62195547620523,101.48843178153183,0.6305777092530715,2.6305777092530715,0.0,0
22.47103714428641,24.12976160164987,20.060352766348544,40.912996936155935,2.6384005667696293,2.6384005667696293,0.0,0
16.697108871801685,34.86402238263361,89.55139404519255,123.52393570998962,0.7214206622857139,0.7214206622857139,0.0,0
12.07236800188618,19.672335892164007,59.703052481683265,77.69968625492353,1.8324736513979092,2.832473651397909,0.0,0
24.021779026843465,39.83525085973566,88.43989943491651,104.54160351146912,1.7145474040358288,1.7145474040358288,0.0,0
45.58214497482244,49.00221463954545,45.442689755957126,69.79496442491497,0.5534147525373178,0.5534147525373178,0.0,0
24.140715806908883,43.186433957915256,63.43788104890004,82.50839246904516,0.11673246232264478,0.11673246232264478,0.0,0
34.83992390761395,49.87893407304881,45.2406080880047,60.21118282883092,0.1421527014527958,1.1421527014527957,0.0,0
28.65146133050367,46.31836674456302,28.185963985353087,56.88873927444415,2.0529174590392856,3.0529174590392856,0.0,0
23.220223638076188,36.6220871210476,46.7083356616692,83.41808907258147,2.6027935967195774,2.6027935967195774,0.0,0
79.84494414626498,92.38855483358148,182.26150340089407,252.20348490879414,5.921063049120186,7.921063049120186,0.0,1
86.88018446315732,100.0,354.4819164718318,532.1374645506428,9.882236425843566,14.882236425843566,3.0,2
79.2377220273718,86.72692901994598,165.15434118630947,230.56951104515863,6.745113971218663,9.745113971218663,0.0,1
89.3381465427112,100.0,250.1873685212688,446.43177388483446,8.295157164330842,11.295157164330842,3.0,2
68.82431009222762,75.9362472925182,102.67524610636241,174.06500616045793,5.043025946994059,6.043025946994059,0.0,1
65.00342105610059,78.76736856360938,117.14861432359703,149.16486412900562,3.3394337742197373,4.339433774219737,0.0,1
29.790567330005803,44.81681022206866,49.13724578333846,66.32804422955701,0.7849647468988322,0.7849647468988322,0.0,0
79.1269650521953,98.94961142055256,298.07583655766746,361.3343718702921,8.238213427090784,11.238213427090784,3.0,2
70.25105825082211,78.62092443949012,159.4459525557875,217.28474411280672,6.759488356910361,7.759488356910361,0.0,1
92.01709439163514,100.0,437.72753010055357,561.4230600055386,12.340124592300752,16.340124592300754,1.0,2
79.23666014384736,85.08640767510474,180.33389415102255,256.31269574997884,3.9047555592082483,5.904755559208248,0.0,1
99.0056501130742,100.0,304.7012676666352,459.42296383926373,7.994026494473372,11.994026494473372,3.0,2
13.44369245121594,24.690282339570814,67.04355629889736,99.4891478536892,2.33508141233465,2.33508141233465,0.0,0
20.041989393263552,20.353603394114053,24.629833474976756,40.24922408507862,0.5346205694413966,0.5346205694413966,0.0,0
41.635475446216475,54.227183775668394,93.88994574281404,133.7983603126795,1.7032683505235737,1.7032683505235737,0.0,0
36.02395004088363,37.25585125916725,45.93406525403101,65.44699670139079,1.283441428088825,1.283441428088825,0.0,0
76.81888934597559,89.50405927196536,155.33025149490564,207.63093945488643,3.1243367200321215,4.1243367200321215,0.0,1
70.89965879156995,78.60706929820881,119.341044662413,195.47745185059748,5.497448980468908,7.497448980468908,0.0,1
68.27484649971314,77.9766692317433,114.83711080492044,161.22830884041912,5.742368929751642,7.742368929751642,0.0,1
48.726507401288515,54.386098218514775,69.84318037608747,101.97944611009046,1.9578841474239161,1.9578841474239161,0.0,0
87.70860406738477,100.0,411.6347993703733,497.0749359621228,8.549752552681431,12.549752552681431,2.0,2
25.170870441147784,32.990082719713904,62.36713328914268,73.36163542589576,2.412875597630062,3.412875597630062,0.0,0
43.84342614257858,45.47227576739493,49.646712441814856,51.05768905068127,2.0277299754466944,2.0277299754466944,0.0,0
83.10310536503549,96.56019383530139,277.2162727083844,420.23316705048546,10.20338115119911,13.20338115119911,1.0,2
11.133673918430041,13.531256597563507,99.90880166302755,120.52433800588928,0.005789123620018377,1.0057891236200183,0.0,0
75.49949810574532,86.77828998906332,415.24327579119677,602.433162446961,12.415976622888909,17.41597662288891,2.0,2
75.98298457583176,95.78636761390189,454.81746551253167,644.1569680814855,8.29295181687783,12.29295181687783,1.0,2
70.3171887597224,80.5488683671662,190.95430141798613,248.15915581718187,4.244255340418359,5.244255340418359,0.0,1
15.577272215162912,18.44427361935368,81.97767741507867,117.22135081368461,1.5910350528325554,2.5910350528325554,0.0,0
41.767185967839275,58.0252929217545,88.71715548881235,116.06796689912903,2.4596553654591027,2.4596553654591027,0.0,0
52.598752059215514,60.326230784508795,42.611704508866715,57.85727177311252,1.55610518488385,2.55610518488385,0.0,0
41.325362992075135,49.93540919426655,25.69454272894194,69.03664584963573,1.0380026017140431,1.0380026017140431,0.0,0
35.803161192992675,46.535463063581716,83.72154555306456,90.66411489060604,2.729811518752384,4.729811518752384,0.0,0
37.236016115290155,47.4393419812455,8.422366149445315,33.27689923977522,0.7906489880309716,1.7906489880309717,0.0,0
69.95394258948212,75.88612471615673,88.76495297141108,119.90441470845329,3.7635405862888947,5.763540586288895,0.0,1
63.55628928091085,77.37348351365856,105.17127927360957,130.63916599919253,6.5029840654385875,9.502984065438588,0.0,1
